{
    "widgetid": "kdnNodeAppReqTable",
    "type": "table",
    "tags": [{"entityType":"application"}],
    "nlsBundleId": "ibm.kdn",
    "owner": "ibm.kdn",
    "datadef": {
      "query": "values",
       "parameters": {
            "metrics": [ "averageResponseTime" ,"hitCountInMinute"],
            "group_by_dimension": { "averageResponseTime" : "requestName",
                                    "hitCountInMinute" : "requestName"
                                  },
         "latest_value": true
        }
    },
    "expanded": true,
    "labels": {
        "headers": ["label_avg_resp_time","label_hit_count_min" ]
    }
}
